{
    "simulation_1": {
        "iteration_number": 47,
        "cars_in_system": 60,
        "cars_served": 38,
        "total_time_saved": 334,
        "total_time_for_cars": 502,
        "average_time_per_car": 13.210526315789474,
        "total_worst_time": 836,
        "average_worst_time_per_car": 22.0,
        "average_time_saved_per_car": 8.789473684210526
    },
    "simulation_2": {
        "iteration_number": 51,
        "cars_in_system": 60,
        "cars_served": 40,
        "total_time_saved": 400,
        "total_time_for_cars": 480,
        "average_time_per_car": 12.0,
        "total_worst_time": 880,
        "average_worst_time_per_car": 22.0,
        "average_time_saved_per_car": 10.0
    },
    "simulation_3": {
        "iteration_number": 47,
        "cars_in_system": 60,
        "cars_served": 38,
        "total_time_saved": 366,
        "total_time_for_cars": 470,
        "average_time_per_car": 12.368421052631579,
        "total_worst_time": 836,
        "average_worst_time_per_car": 22.0,
        "average_time_saved_per_car": 9.631578947368421
    },
    "simulation_4": {
        "iteration_number": 64,
        "cars_in_system": 60,
        "cars_served": 46,
        "total_time_saved": 444,
        "total_time_for_cars": 568,
        "average_time_per_car": 12.347826086956522,
        "total_worst_time": 1012,
        "average_worst_time_per_car": 22.0,
        "average_time_saved_per_car": 9.652173913043478
    },
    "simulation_5": {
        "iteration_number": 101,
        "cars_in_system": 60,
        "cars_served": 65,
        "total_time_saved": 623,
        "total_time_for_cars": 807,
        "average_time_per_car": 12.415384615384616,
        "total_worst_time": 1430,
        "average_worst_time_per_car": 22.0,
        "average_time_saved_per_car": 9.584615384615384
    },
    "averages": {
        "number_of_simulations": 5,
        "avg_iteration_number": 62.0,
        "avg_cars_in_system": 60.0,
        "avg_cars_served": 45.4,
        "avg_total_time_saved": 433.4,
        "avg_total_time_for_cars": 565.4,
        "avg_average_time_per_car": 12.46843161415244,
        "avg_total_worst_time": 998.8,
        "avg_average_worst_time_per_car": 22.0,
        "avg_average_time_saved_per_car": 9.531568385847562
    }
}